ModuleCode,ModuleTitle,SessionName,RollNumber,ApplicantName,ApplicantMobile,CGPA,AttemptCount,Advisor,RemoteStudent,Probation,HighRisk,TermExceeded,AtRisk,AtRiskSSC,SpecialNeed,OtherModules,PrerequisiteModules,PlagiarismHistory,MalPracticeHistory
Module 5,Course 5,Session-A,Student 52,xxxxxxxxxx,xxxxxxxx,2.75,1,Advisor 14,No,No,No,No,No,No,Not Applicable(Not Disabled),3,Yes,No History,No History
Module 5,Course 5,Session-A,Student 53,xxxxxxxxxx,xxxxxxxx,4,1,Advisor 4,No,No,No,No,No,No,Not Applicable(Not Disabled),3,Yes,No History,No History
Module 5,Course 5,Session-A,Student 54,xxxxxxxxxx,xxxxxxxx,2,1,Advisor 7,No,No,No,No,No,No,Not Applicable(Not Disabled),3,Yes,No History,No History
Module 5,Course 5,Session-A,Student 55,xxxxxxxxxx,xxxxxxxx,2,1,Advisor 4,No,No,No,No,Yes,No,Not Applicable(Not Disabled),3,Yes,No History,No History
Module 5,Course 5,Session-A,Student 56,xxxxxxxxxx,xxxxxxxx,2,1,Advisor 24,No,No,No,No,No,No,Not Applicable(Not Disabled),3,Yes,No History,No History
